Series Name,Series Code,Country Name,Country Code,1990 [YR1990],2000 [YR2000],2013 [YR2013],2014 [YR2014],2015 [YR2015],2016 [YR2016],2017 [YR2017],2018 [YR2018],2019 [YR2019],2020 [YR2020],2021 [YR2021],2022 [YR2022]
Final consumption expenditure (current US$),NE.CON.TOTL.CD,Afghanistan,AFG,..,..,..,..,..,..,..,..,..,..,..,..
Final consumption expenditure (current US$),NE.CON.TOTL.CD,Albania,ALB,1660736837.5,3216796289.09505,11633374320.7968,12201540481.6079,10453745531.0478,10939629296.9773,11861807536.8788,13700540777.0841,14069133382.9967,14024839522.3194,15879406648.9567,16226681842.9782
Final consumption expenditure (current US$),NE.CON.TOTL.CD,Algeria,DZA,45235795069.4994,30219641187.3316,112834461826.117,119505620673.372,103854566906.222,101466439475.989,104632051545.263,103673616126.645,105960844206.084,97024899666.185,101023459179.473,108519954979.393
Final consumption expenditure (current US$),NE.CON.TOTL.CD,American Samoa,ASM,..,..,..,..,..,..,..,..,..,..,..,..
Final consumption expenditure (current US$),NE.CON.TOTL.CD,Andorra,AND,..,..,..,..,..,..,..,..,..,..,..,..
Final consumption expenditure (current US$),NE.CON.TOTL.CD,Angola,AGO,..,3896714485.84334,78940107307.6142,85698728052.3151,60335546594.1417,34841731952.9012,48362545290.1634,51993702557.0727,40570623224.7361,32726802239.2524,34330797498.3943,..
Final consumption expenditure (current US$),NE.CON.TOTL.CD,Antigua and Barbuda,ATG,..,622222222.222222,1087851851.85185,1115158037.03704,1107565814.81481,1141769481.48148,1105458481.48148,1099228000,1082385888.88889,1088446037.03704,..,..
Final consumption expenditure (current US$),NE.CON.TOTL.CD,Argentina,ARG,113470543987.09,236219366100,457042608919.298,433334542562.24,499614480942.488,464850763383.692,543457079919.52,447541635095.697,369714751741.12,311065831466.207,373885102947.489,501568580086.087
Final consumption expenditure (current US$),NE.CON.TOTL.CD,Armenia,ARM,1510390863.36171,2159393245.18188,10979506801.0539,11334720593.6313,9606433477.91274,9465981611.89987,10645440398.2933,11372552542.5173,13075066691.008,11414821842.051,12170829743.7323,16317816925.6547
Final consumption expenditure (current US$),NE.CON.TOTL.CD,Aruba,ABW,..,1326530726.25698,2317821229.05028,2322533519.55307,2328514525.13966,2327950279.32961,2416910614.52514,2565458100.55866,2595605027.93296,2353440949.72067,2485214804.46927,..
Final consumption expenditure (current US$),NE.CON.TOTL.CD,Australia,AUS,225242927636.325,315567652943.365,1157345534861.17,1079333334288.61,1015718480817.57,927386304223.389,999911142678.971,1072387952767.55,1033324496187.74,981553209574.695,1132811392744.76,1186039609592.58
Final consumption expenditure (current US$),NE.CON.TOTL.CD,Austria,AUT,122942460365.485,144191934343.561,316529389478.929,323968971793.194,276717174876.016,284658344023.141,300421345682.674,324286211242.268,315732806921.249,310047443324.073,343739177638.057,335565205630.799
Final consumption expenditure (current US$),NE.CON.TOTL.CD,Azerbaijan,AZE,6217522658.61027,4194983241.24422,38701606527.8626,42377645112.6573,36674826223.277,27090252296.7973,28168471503.7016,30437995705.9244,33062058823.5294,32918352941.1765,36311294117.6471,42766411764.7059
Final consumption expenditure (current US$),NE.CON.TOTL.CD,"Bahamas, The",BHS,2396180000,5374500000,8065300000,8538500000,8886500000,8931100000,9704300000,9889300000,9620800000,7991300000,9659900000,10581000000
Final consumption expenditure (current US$),NE.CON.TOTL.CD,Bahrain,BHR,2648670212.76596,5516835106.38298,18327101063.8298,18904707446.8085,19619707446.8085,20006622340.4255,20781941489.3617,21560957446.8085,21681436170.2128,20519398670.2128,21594105319.1489,..
Final consumption expenditure (current US$),NE.CON.TOTL.CD,Bangladesh,BGD,26572217612.4862,42685807990.4592,116938474638.686,134695140317.53,151852146503.469,192905737668.698,214247835256.192,236370578020.552,256810100184.388,272658446098.342,310775734452.146,344118085862.686
Final consumption expenditure (current US$),NE.CON.TOTL.CD,Barbados,BRB,1686620593.6459,2691200000,4240148050,4295856850,4272840250,4423698100,4432618650,4423050000,4472150000,4360500000,4514350000,..
Final consumption expenditure (current US$),NE.CON.TOTL.CD,Belarus,BLR,15400000000,9729573623.89361,48855871066.0776,52475021646.1543,38275803500.6305,33484240298.3504,38367438470.5948,41597297485.2054,45606539874.27,42469282559.4622,47160428176.1155,51791936097.3754
Final consumption expenditure (current US$),NE.CON.TOTL.CD,Belgium,BEL,152792475857.074,173692913466.04,400599580109.612,407137531513.835,346539153936.914,354921841713.629,374582847601.416,407037228985.091,398526096695.679,388708182111.278,433456109442.629,432550047989.496
Final consumption expenditure (current US$),NE.CON.TOTL.CD,Belize,BLZ,226500000,814500000,1537000000,1598500000,1647000000,1693500000,1719000000,1778500000,1840500000,1564500000,1885500000,1776058072.3
Final consumption expenditure (current US$),NE.CON.TOTL.CD,Benin,BEN,1828593160.50593,3172537453.49088,10664852476.1297,11045952575.6858,9860273434.86609,9870745148.74126,10555709206.6017,11532614583.0015,11339278341.4958,12435849007.7983,13686221492.5206,12372869001.0369
Final consumption expenditure (current US$),NE.CON.TOTL.CD,Bermuda,BMU,..,..,4018507000,3965905000,4069755000,4205443000,4343386000,4372051000,4486177000,4164754000,4328800000,4615800000
Final consumption expenditure (current US$),NE.CON.TOTL.CD,Bhutan,BTN,234989909.155312,308503129.783638,1319900577.40249,1296544806.21577,1473612778.08365,1444480161.55862,1689485483.67524,1833553255.0427,1936910116.62118,1941830783.24896,2160699732.72024,..
Final consumption expenditure (current US$),NE.CON.TOTL.CD,Bolivia,BOL,4313523758.36471,7634054680.09838,22696563328.5094,25619724066.5702,28352112489.1462,29314157018.8133,31760846975.398,34057574891.4617,35410348596.2373,32666477684.5152,34967556685.9624,..
Final consumption expenditure (current US$),NE.CON.TOTL.CD,Bosnia and Herzegovina,BIH,..,6985887486.7409,19356619326.0983,19626844570.6179,16613610872.9087,16816431056.2546,17532151687.2202,19052862032.612,18781909611.0692,18745753692.4053,20697828748.2692,21301083628.549
Final consumption expenditure (current US$),NE.CON.TOTL.CD,Botswana,BWA,2174670411.84578,3370241875.41652,11079403587.483,11070980580.3056,10504888960.1952,10433305761.2089,11421793116.7994,12359349051.1375,12694107625.09,12669347515.801,14015964102.938,14162891669.0304
Final consumption expenditure (current US$),NE.CON.TOTL.CD,Brazil,BRA,365450825258.641,546385188991.116,1993283532122.16,2016733904852.15,1509201474351.16,1519709163925.46,1746893349748.54,1620022966187.62,1594685787908.11,1229289663794.08,1313641985339.5,1557304656493.25
Final consumption expenditure (current US$),NE.CON.TOTL.CD,British Virgin Islands,VGB,..,..,..,..,..,..,..,..,..,..,..,..
Final consumption expenditure (current US$),NE.CON.TOTL.CD,Brunei Darussalam,BRN,1707554803.58982,3039344224.25845,6410022424.55599,6329712732.77094,5798884728.65025,5400711309.26562,5694518514.34924,5926520328.88215,6127395804.91027,5905689168.06207,6627722498.22589,7130280917.91693
Final consumption expenditure (current US$),NE.CON.TOTL.CD,Bulgaria,BGR,16097272727.2727,11426235885.6013,44429845182.3182,45486632930.3084,39700542886.3172,41105312128.5868,45030423381.2742,50626837147.5153,52217336729.4373,54707257489.9258,64935308096.9946,69858682567.0292
Final consumption expenditure (current US$),NE.CON.TOTL.CD,Burkina Faso,BFA,2933082073.5209,3053348821.79763,11585217965.0816,11948789015.6281,10349257331.8128,10942456222.4413,11892470043.4489,13140879538.6845,13140485366.3842,..,..,..
Final consumption expenditure (current US$),NE.CON.TOTL.CD,Burundi,BDI,1192841084.93183,932592161.599623,2789460079.77027,3014241410.67141,3036966131.18534,2671917629.43821,2761203278.68603,2777202230.1052,2693838605.35694,2814721425.37571,2934170781.50464,3226662581.24463
Final consumption expenditure (current US$),NE.CON.TOTL.CD,Cabo Verde,CPV,..,..,1646438814.28872,1670523764.21849,1445917715.89791,1551545839.90022,1729797976.04172,1910705007.61754,1876779513.98439,1597286696.17465,1791646419.4798,2028564078.64754
Final consumption expenditure (current US$),NE.CON.TOTL.CD,Cambodia,KHM,..,3436280310.48262,12829590605.4752,13870626121.5604,14837626913.8959,16279567722.0856,17412423486.9038,18578018117.8337,20120650226.4938,19375959377.1756,19633544715.5664,22170453375.8409
Final consumption expenditure (current US$),NE.CON.TOTL.CD,Cameroon,CMR,9767697262.95078,8561252657.16561,28245957265.7494,30522708908.6572,27479191444.5134,28039057642.4642,29980452328.0857,33408964481.4977,33618647809.8104,34904646469.0716,38437976400.0027,37069316218.4462
Final consumption expenditure (current US$),NE.CON.TOTL.CD,Canada,CAN,467690550701.739,548458689650.529,1415697606306.81,1373505262450.99,1224766888757.13,1215250129943.44,1297635013774.46,1355538430099.99,1367395293840.3,1318065449676.81,1526284595205.4,1609902280457.51
Final consumption expenditure (current US$),NE.CON.TOTL.CD,Cayman Islands,CYM,..,..,..,..,..,..,..,..,..,..,..,..
Final consumption expenditure (current US$),NE.CON.TOTL.CD,Central African Republic,CAF,1384523510.48474,860330855.834662,1707411707.30734,1852231743.53878,1648416300.49862,1796246901.72198,2010650872.18684,2252075961.93397,2313117953.60089,2347133224.94329,2515332015.34204,2467281350.8982
Final consumption expenditure (current US$),NE.CON.TOTL.CD,Chad,TCD,1872010492.17344,1312376013.42632,9879037397.8089,10392017546.9512,8592251206.18202,8036549706.1541,8449220651.41287,9098767259.35776,9014916397.16625,10152085128.7288,10191001606.291,9382853671.77538
Final consumption expenditure (current US$),NE.CON.TOTL.CD,Channel Islands,CHI,..,..,..,..,..,..,..,..,..,..,..,..
Final consumption expenditure (current US$),NE.CON.TOTL.CD,Chile,CHL,23715183826.4587,58463352106.2485,203691728273.092,193175750841.275,182763699853.684,190720377553.353,212045793645.626,227211552791.344,213985230384.762,189049040521.271,241699990944.369,235579838207.294
Final consumption expenditure (current US$),NE.CON.TOTL.CD,China,CHN,229682896506.692,770053064244.194,4949574337867.92,5502315947415.32,5972241865768.91,6182674216631.45,6754472095059.83,7650214930961.73,7999434576601.27,8126794002266.92,9609095097566.1,..
Final consumption expenditure (current US$),NE.CON.TOTL.CD,Colombia,COL,36574770039.4218,85833816935.6881,304265889736.984,305811039400.731,244439959661.266,236356703450.285,260075014084.169,279188649601.477,272773935307.459,237715253238.374,282263910406.484,295165848252.897
Final consumption expenditure (current US$),NE.CON.TOTL.CD,Comoros,COM,429802151.426964,351284893.16069,1169695160.91966,1203387268.56647,1003651769.22484,1045513774.39692,1108990237.56072,1216258842.68815,1242657204.16212,1354705526.06746,1388503133.64468,1359165246.03468
Final consumption expenditure (current US$),NE.CON.TOTL.CD,"Congo, Dem. Rep.",COD,..,17118481088.4058,27036541005.3259,29374481338.5801,32364345612.7634,33648731190.5107,29960190791.465,40058004504.1499,42924900948.9086,37355958493.7609,39956939126.9642,54242374568.4982
Final consumption expenditure (current US$),NE.CON.TOTL.CD,"Congo, Rep.",COG,1437411436.63997,1132117645.39852,7196005330.15045,7943241512.56737,6876875310.27099,6823359971.15042,6636923207.44632,7216445864.9338,7051434030.86731,7317102860.37699,8628657016.52006,8174258440.47277
Final consumption expenditure (current US$),NE.CON.TOTL.CD,Costa Rica,CRI,4545463185.49268,12007539001.9144,42437330249.0607,43299633421.1816,46230741875.2613,47530352034.2318,49309509923.2423,50621792452.3612,52207817538.1113,50018715250.1008,50910463935.3609,54079635293.0275
Final consumption expenditure (current US$),NE.CON.TOTL.CD,Cote d'Ivoire,CIV,9579476058.56726,13840826276.5343,32977579867.064,36508214576.2821,34185560043.8314,36057707616.7724,40354305735.0693,45879467975.1646,45910311284.2824,49959519124.2236,56426901413.9426,54181644107.8682
Final consumption expenditure (current US$),NE.CON.TOTL.CD,Croatia,HRV,..,18688133943.5258,49196047868.6892,48351931477.8745,40313279682.4147,40937151998.8702,43461513236.0242,47655952607.6782,47542902189.0835,47775589945.2152,54844993013.443,55520069716.0853
Final consumption expenditure (current US$),NE.CON.TOTL.CD,Cuba,CUB,24320799202.1277,27604324800,66910000000,70570000000,76616000000,80172000000,84089000000,86047000000,89877000000,96049000000,..,..
Final consumption expenditure (current US$),NE.CON.TOTL.CD,Curacao,CUW,..,..,2583519553.07263,2587597765.36313,2534860335.19553,2502067039.10615,2672122905.02793,..,..,..,..,..
Final consumption expenditure (current US$),NE.CON.TOTL.CD,Cyprus,CYP,4392484250.96031,7688108388.31291,20471260833.3085,19838850279.362,16645887646.9871,16982744026.4888,18287853892.4249,20300125013.1345,20527992157.9918,20321496291.9841,22529806090.6702,22791774034.7666
Final consumption expenditure (current US$),NE.CON.TOTL.CD,Czechia,CZE,28997671809.7254,43225788622.5903,146682188829.323,141644465855.715,124242573301.489,130222866280.913,144528483223.774,166493045302.367,167703169117.727,165042168869.357,188294981894.225,195238515220.277
Final consumption expenditure (current US$),NE.CON.TOTL.CD,Denmark,DNK,101813592287.918,116450041542.209,253227514687.363,257496902847.233,219682127898.199,224007728691.966,235047306469.857,254271132944.76,246282211676.418,252172261591.42,278391004747.766,256255260660.752
Final consumption expenditure (current US$),NE.CON.TOTL.CD,Djibouti,DJI,..,..,1594341692.87816,1766532936.45658,1975073574.87298,2177951183.03408,2324392714.98585,2458149179.89433,2632382271.08783,2883924059.05886,..,..
Final consumption expenditure (current US$),NE.CON.TOTL.CD,Dominica,DMA,..,..,480255555.555556,507451851.851852,539851851.851852,560748148.148148,540948148.148148,638662962.962963,..,..,..,..
Final consumption expenditure (current US$),NE.CON.TOTL.CD,Dominican Republic,DOM,5986263362.34502,19544784301.1315,52417185576.071,55141780003.8681,57789944050.1095,61165586872.3176,64309557520.044,67723450703.6746,70147254109.127,64905393482.2402,73394302233.2971,88023388005.8411
Final consumption expenditure (current US$),NE.CON.TOTL.CD,Ecuador,ECU,11428569399.0271,13549882941.4707,70265165000,74555251000,75319038000,74486286000,77675205000,80031510000,80080014000,75077719000,81387407000,88706806000
Final consumption expenditure (current US$),NE.CON.TOTL.CD,"Egypt, Arab Rep.",EGY,35800807761.3279,86922060766.1823,265720930232.558,289670014347.202,310229110512.129,314208588957.055,237581521739.13,239566685424.873,279743735763.098,349987523393.637,397335882727.852,428072948328.268
Final consumption expenditure (current US$),NE.CON.TOTL.CD,El Salvador,SLV,4760153272.4,11476927200,22866650000,23181230000,23806450000,24175560000,24871310000,25863000000,26285820000,24998400000,30512260000,33943310000
Final consumption expenditure (current US$),NE.CON.TOTL.CD,Equatorial Guinea,GNQ,..,..,9060172925.62012,9520932076.46587,8024648389.38209,8214380485.54824,8622426250.19629,9418731402.27895,9287405216.13107,9885693805.97544,10595341726.8562,9699121298.09338
Final consumption expenditure (current US$),NE.CON.TOTL.CD,Eritrea,ERI,..,893865402.597403,..,..,..,..,..,..,..,..,..,..
Final consumption expenditure (current US$),NE.CON.TOTL.CD,Estonia,EST,..,4205885930.15756,17603151412.199,18473370675.7169,16246019201.2059,17137518968.048,18707252547.9143,21205630150.2082,21663663225.0035,22105442137.9234,25271638225.7128,26424957164.9592
Final consumption expenditure (current US$),NE.CON.TOTL.CD,Eswatini,SWZ,1056119467.20949,1504024926.64924,4109631846.34864,3933922138.17279,3611876960.37281,3340467112.44738,3994811079.26838,4138543092.57483,3846341412.79257,3520606903.36321,4036745643.79371,..
Final consumption expenditure (current US$),NE.CON.TOTL.CD,Ethiopia,ETH,..,..,39272909048.1376,44191766062.7411,51838248603.2275,57655256681.562,63486869731.5257,63972697615.7531,74692287745.7432,85235582352.3782,90184812420.4389,107432079217.601
Final consumption expenditure (current US$),NE.CON.TOTL.CD,Faroe Islands,FRO,..,822291408.262853,2194607544.72331,2259986696.28327,1935847259.27166,2062578894.33411,2117299040.61081,2280723585.46958,2269093805.4686,2358367631.70589,2620169191.14322,..
Final consumption expenditure (current US$),NE.CON.TOTL.CD,Fiji,FJI,1208109887.51273,1249398085.61865,3560132091.41251,3787012254.27292,3621802064.81254,3960765782.18207,4286228580.7228,4515134259.96449,4491265932.67581,3960061093.55366,..,..
Final consumption expenditure (current US$),NE.CON.TOTL.CD,Finland,FIN,100315658529,85110896392.157,213615833545.492,217220506241.564,184943594225.391,187808251155.648,194157174118.826,209503691948.231,203408518431.369,205002499830.347,224793988813.95,213925777787.939
Final consumption expenditure (current US$),NE.CON.TOTL.CD,France,FRA,969333815202.988,1040388578042.36,2214279566639.63,2240092780994.86,1899008978207.03,1928805239799.28,2014573998174.14,2153317024541.14,2090116003003.88,2064830144267.67,2275068402631.75,2156716271250.98
Final consumption expenditure (current US$),NE.CON.TOTL.CD,French Polynesia,PYF,..,..,..,..,..,..,5587747799.56159,5864954374.38374,5806418902.13206,5786424226.64687,..,..
Final consumption expenditure (current US$),NE.CON.TOTL.CD,Gabon,GAB,3758473534.85686,2120366214.8299,8224185903.84517,8981745452.00152,7573397799.60122,7724418420.35734,7942703670.58253,8295386925.65857,8212291613.332,8446149545.33273,8947299216.4118,8355870636.37853
Final consumption expenditure (current US$),NE.CON.TOTL.CD,"Gambia, The",GMB,283272269.951777,791553210.60226,1304327315.29796,1183487400.52561,1240190917.1818,1297963723.12442,1412963872.35872,1592542786.25017,1763577388.85947,1842872624.40067,1914112158.47622,2079526283.67267
Final consumption expenditure (current US$),NE.CON.TOTL.CD,Georgia,GEO,5996041444.4018,3028480293.44801,15671686656.4463,16129091938.8333,13570411389.4999,12881597988.782,13594235335.1375,14520142039.8501,14616370424.2338,15119873846.3517,18159112266.7577,22002529456.1416
Final consumption expenditure (current US$),NE.CON.TOTL.CD,Germany,DEU,1336584774240.41,1467683146045.49,2770026575795.32,2839476465356.02,2439682376398.83,2521046002002.8,2655523466630.62,2860905995316.81,2808335025309.75,2811532855120.58,3041225103434.06,2977327589585.61
Final consumption expenditure (current US$),NE.CON.TOTL.CD,Ghana,GHA,5566939678.76472,4706067456.53891,53467496706.7908,43922567515.0825,40029725217.9999,44807230245.2374,49654149123.4791,52761938553.9738,56215625053.5072,54635508158.7824,63374323103.9774,58898525121.9397
Final consumption expenditure (current US$),NE.CON.TOTL.CD,Gibraltar,GIB,..,..,..,..,..,..,..,..,..,..,..,..
Final consumption expenditure (current US$),NE.CON.TOTL.CD,Greece,GRC,82285965176.2683,111088992814.825,216254801433.178,211118473637.077,174053441168.606,171143539210.831,178836967824.003,188754043686.667,183146439531.589,175196347539.769,192454877586.187,192845972303.448
Final consumption expenditure (current US$),NE.CON.TOTL.CD,Greenland,GRL,..,..,2427589628.53833,2488086046.53925,2097041524.7682,2160598362.96923,2258689363.76441,2417936211.3198,2362986175.66798,2435991501.19992,2619172591.49687,..
Final consumption expenditure (current US$),NE.CON.TOTL.CD,Grenada,GRD,..,..,..,..,..,..,..,..,..,..,..,..
Final consumption expenditure (current US$),NE.CON.TOTL.CD,Guam,GUM,..,..,..,..,..,..,..,..,..,..,..,..
Final consumption expenditure (current US$),NE.CON.TOTL.CD,Guatemala,GTM,6901381929.10527,17537519323.9093,51325090021.3843,55840857535.7702,59328915199.1263,62753764770.75,68417314855.8159,71042435323.7381,74056831892.6362,73787890191.8631,83647244438.4204,94983595889.0684
Final consumption expenditure (current US$),NE.CON.TOTL.CD,Guinea,GIN,2075818379.19717,2514940634.09319,8710944902.83258,8829245387.56962,9259030497.46814,8632625721.18249,9257161555.32845,10555437386.0644,11910732443.7533,12723389743.9264,14308526700.4621,19174053733.3418
Final consumption expenditure (current US$),NE.CON.TOTL.CD,Guinea-Bissau,GNB,237064470.967771,396665770.888065,1049660834.43526,1052400783.86527,1012693720.10567,1143314557.40247,1300194689.95386,1327204613.61097,1360160011.96869,1404763666.70348,..,..
Final consumption expenditure (current US$),NE.CON.TOTL.CD,Guyana,GUY,341139248.101266,647335270.514718,..,..,..,..,..,..,..,..,..,..
Final consumption expenditure (current US$),NE.CON.TOTL.CD,Haiti,HTI,3179097800,7094006441.08428,15169623039.7088,15729284038.0609,15491960071.1268,14696999284.1302,15547507177.2069,17594063993.3583,15586007505.7497,15147858705.006,21943238895.8394,21507224595.806
Final consumption expenditure (current US$),NE.CON.TOTL.CD,Honduras,HND,4250263246.59533,6048222362.60265,18252345029.2912,18900276716.8336,19262156715.5423,19765269827.382,21008802164.966,22640402943.8273,23950721911.183,23016672772.5394,28334669870.2201,31799171580.0702
Final consumption expenditure (current US$),NE.CON.TOTL.CD,"Hong Kong SAR, China",HKG,49458711768.6704,116749780734.593,207791387313.048,221429655342.884,235347373173.799,244526264936.069,262513729918.39,282942782420.106,291370760706.575,272811581498.479,286472109298.616,291845408983.049
Final consumption expenditure (current US$),NE.CON.TOTL.CD,Hungary,HUN,..,35709358415.9,97563284829.7906,98853659690.0279,86063791359.7594,90085893413.2163,100588035952.873,110695053877.516,113664415468.245,111350357687.854,125921881193.835,125321235029.019
Final consumption expenditure (current US$),NE.CON.TOTL.CD,Iceland,ISL,5047648818.21742,7396292294.18948,12387977550.0282,13651561868.7665,12807031664.3386,15029522434.5564,18242804760.9981,19546993617.133,18452416212.7109,17276185959.0575,20357474827.6009,21749107919.741
Final consumption expenditure (current US$),NE.CON.TOTL.CD,India,IND,251521172783.241,354513217160.806,1261473781154.15,1398199940663.6,1460638596951.89,1597266510231.84,1842571738885.13,1895065631795.18,2039196828029.04,1947172783777.5,2277692682062.55,2404651380167.63
Final consumption expenditure (current US$),NE.CON.TOTL.CD,Indonesia,IDN,77508422169.4078,112515230458.414,605434052714.248,592963201528.932,578489151870.563,627662372649.449,674331685150.845,687910962698.151,746875345449.596,726401933827.743,769731682488.023,800681724481.034
Final consumption expenditure (current US$),NE.CON.TOTL.CD,"Iran, Islamic Rep.",IRN,98255385174.2514,68669376116.245,294781253330.256,277007976794.194,281627782869.6,306000770602.964,316204704233.38,210284728099.387,182604613858.696,145521953749.592,206041594978.238,231024857848.577
Final consumption expenditure (current US$),NE.CON.TOTL.CD,Iraq,IRQ,101409677419.355,12274453883.4951,131605907459.52,137206856346.484,123988464020.56,125322177918.782,126859402364.865,135096219150.285,145514670473.773,135337673657.718,121748600000,..
Final consumption expenditure (current US$),NE.CON.TOTL.CD,Ireland,IRL,36694023707.1773,61797377840.008,148031472200.815,153589539319.93,132652642238.772,139143108581.501,148434485294.703,164444144702.443,164820230958.954,160793488756.119,181024635133.315,180078193528.23
Final consumption expenditure (current US$),NE.CON.TOTL.CD,Isle of Man,IMN,..,..,..,..,..,..,..,..,..,..,..,..
Final consumption expenditure (current US$),NE.CON.TOTL.CD,Israel,ISR,49882357930.2392,101512106115.108,226396056322.426,237925258355.052,227505564598.431,242455140821.233,269274449592.531,283808269351.144,299511550953.611,296391067140.093,348128044078.084,367733406970.242
Final consumption expenditure (current US$),NE.CON.TOTL.CD,Italy,ITA,914262542016.807,897682311428.394,1728719080255.16,1732748295221.34,1467086926918.2,1485717126173.86,1551440300778.25,1654069686476.05,1577554075629.77,1493117930945.19,1629482732793.38,1604111201869.07
Final consumption expenditure (current US$),NE.CON.TOTL.CD,Jamaica,JAM,3578662295.85782,7966742428.29592,14385153888.8671,13865574860.6781,13468462069.1991,12886202918.5537,13576463786.462,14085144748.6178,14211176175.2761,12603904037.6914,12837827102.9954,14054381848.6927
Final consumption expenditure (current US$),NE.CON.TOTL.CD,Japan,JPN,2032095585061.38,3488679640650,4065242317146.24,3797999260301.2,3350968358065.59,3720671108369.63,3650077430239.53,3747306520870.44,3812889403569.02,3786883464513.88,3751077730681.11,..
Final consumption expenditure (current US$),NE.CON.TOTL.CD,Jordan,JOR,4117601267.61872,8825669957.68688,35232394366.1972,36797183098.5916,37597183098.5916,38504225352.1127,39918309859.1549,40485915492.9577,40526760563.3803,..,..,..
Final consumption expenditure (current US$),NE.CON.TOTL.CD,Kazakhstan,KAZ,..,13529370309.5685,142146278546.191,131016447007.394,120498818524.17,90844162087.9121,105294365376.015,108355890989.177,111563667507.906,112479707876.596,121967387989.176,..
Final consumption expenditure (current US$),NE.CON.TOTL.CD,Kenya,KEN,6946363016.27916,11859817209.4827,54480296757.6424,59962127541.0647,61876692840.0836,66598264029.3494,74036344313.2069,82477038273.4343,89932513310.9373,89501658755.4592,96147589928.0649,100547346219.175
Final consumption expenditure (current US$),NE.CON.TOTL.CD,Kiribati,KIR,36113937.1924738,..,276718067.594242,284917485.594291,254008544.37655,275196813.740688,293544226.194041,298885512.251743,291622587.111182,273817889.222414,..,..
Final consumption expenditure (current US$),NE.CON.TOTL.CD,"Korea, Dem. People's Rep.",PRK,..,..,..,..,..,..,..,..,..,..,..,..
Final consumption expenditure (current US$),NE.CON.TOTL.CD,"Korea, Rep.",KOR,173428422063.977,376821107731.485,897632823550.999,967198399028.72,932584808039.552,948007873609.981,1022480579421.22,1105196547024.08,1085157987999.39,1059435310830.4,1164376708486.66,1117507239942.8
Final consumption expenditure (current US$),NE.CON.TOTL.CD,Kosovo,XKX,..,..,6674571424.22982,7228351511.43841,6213065818.10234,6271156265.08834,6538793473.29883,7241656749.4345,7312790031.25173,7625431402.32928,9023212300.41396,9189691461.51416
Final consumption expenditure (current US$),NE.CON.TOTL.CD,Kuwait,KWT,17600000000,23766136496.443,72335203593.7632,76016155179.7807,75329723973.106,77606733904.0828,81725535356.3136,86814280077.4082,90673426249.3437,..,..,..
Final consumption expenditure (current US$),NE.CON.TOTL.CD,Kyrgyz Republic,KGZ,2575000000,1174171996.68044,8481326634.61178,8474216383.5739,7232596210.30241,6829009218.15976,7642059887.04215,8242609814.98762,8228418902.61411,7349176062.35582,8943695040.45709,..
Final consumption expenditure (current US$),NE.CON.TOTL.CD,Lao PDR,LAO,..,1629016417.22518,10927002938.1917,11652446734.2666,12455275985.5234,12676764914.4241,..,..,..,..,..,..
Final consumption expenditure (current US$),NE.CON.TOTL.CD,Latvia,LVA,..,6644059096.17613,24188582492.3719,24831801274.5756,21275459996.1281,22070441545.6466,23995918237.7073,26702211677.6866,26673885946.7995,26670050704.7467,30905795555.5925,32943436699.0079
Final consumption expenditure (current US$),NE.CON.TOTL.CD,Lebanon,LBN,3852597510.82235,17493200663.3499,49349929584.6766,51624263759.0713,51595443854.262,51724626168.0929,54519682177.0481,57240961599.4693,56386179820.2059,34373362902.4403,28034081816.8779,..
Final consumption expenditure (current US$),NE.CON.TOTL.CD,Lesotho,LSO,..,..,2939940409.56763,2829101053.23123,2678304179.11014,2469406273.40051,2979922113.44386,3029777011.84121,2926861418.16756,2657044363.15748,..,..
Final consumption expenditure (current US$),NE.CON.TOTL.CD,Liberia,LBR,..,..,..,..,..,..,..,..,..,..,..,..
Final consumption expenditure (current US$),NE.CON.TOTL.CD,Libya,LBY,21050424316.4924,22604909781.7807,48881418412.6491,49239624498.8964,46314757713.612,48990674943.8369,53354378199.8528,53235732252.3137,54278633969.9007,56938069402.4642,19479114172.9013,..
Final consumption expenditure (current US$),NE.CON.TOTL.CD,Liechtenstein,LIE,..,..,..,..,..,..,..,..,..,..,..,..
Final consumption expenditure (current US$),NE.CON.TOTL.CD,Lithuania,LTU,..,10067825636.5991,36764611874.0607,38127168762.0916,33035421231.0824,34468343068.11,37491519980.3533,41833445239.7686,42143148552.4855,43635696017.106,50373612353.9449,52924189009.5119
Final consumption expenditure (current US$),NE.CON.TOTL.CD,Luxembourg,LUX,8143672139.06325,11583911645.302,32354825425.4937,33556164234.2217,29136275612.7394,30055875265.1379,32467906866.2709,35767525543.1138,35549801921.5836,36111356934.4182,40785768243.4722,39295701982.9651
Final consumption expenditure (current US$),NE.CON.TOTL.CD,"Macao SAR, China",MAC,1829324927.61182,3987091790.32881,13421025555.7402,15129216017.42,16283862813.9724,16700678796.9215,17306875491.2939,18438756673.3835,19453389147.7866,18423314468.6167,19558975579.6047,18417260323.5712
Final consumption expenditure (current US$),NE.CON.TOTL.CD,Madagascar,MDG,2778594229.79649,4287018039.57823,11592464025.2509,11134779310.5604,10014897569.3268,10223407869.4134,11559811834.916,11781801583.2649,12130411657.3563,12490559693.5948,13653911223.9909,13316285497.5773
Final consumption expenditure (current US$),NE.CON.TOTL.CD,Malawi,MWI,..,..,..,..,..,..,..,..,..,..,..,..
Final consumption expenditure (current US$),NE.CON.TOTL.CD,Malaysia,MYS,28878598826.1934,50571052631.5789,211829695907.677,222270447364.389,202053643542.261,202903320275.702,215667796952.758,248982453569.639,260827429513.646,249398595697.407,263401976599.539,281112612893.643
Final consumption expenditure (current US$),NE.CON.TOTL.CD,Maldives,MDV,..,..,..,2053133423.59285,2434756544.1247,2707116577.16022,2936743652.31056,3277351323.80872,3491457946.21733,2747798159.53537,2867336333.32645,..
Final consumption expenditure (current US$),NE.CON.TOTL.CD,Mali,MLI,2563448065.92071,2762761523.60556,12661821750.7915,13699377387.8924,12422179779.3589,13032277797.7368,14144299546.7278,15473329936.939,15503225475.9883,15581146928.1989,17318526519.9742,17022329958.7799
Final consumption expenditure (current US$),NE.CON.TOTL.CD,Malta,MLT,2042366608.13184,3511169900.05879,8040825044.82362,8411535565.96062,7330773570.9375,7485542990.89517,8106705090.47068,9480366258.45455,9753038677.79074,9743782733.08309,11041521160.7507,11103146813.9518
Final consumption expenditure (current US$),NE.CON.TOTL.CD,Marshall Islands,MHL,..,..,247571000,240188200,245044200,260756400,279836600,292935500,316094100,309908800,317429800,..
Final consumption expenditure (current US$),NE.CON.TOTL.CD,Mauritania,MRT,1434495767.09797,1719201198.43186,4604287731.76504,4946727227.68189,4840681098.34037,4736694533.45789,4889625709.78248,5195949828.32317,5330191285.74349,5588878857.19407,6430289692.20816,6720235053.56538
Final consumption expenditure (current US$),NE.CON.TOTL.CD,Mauritius,MUS,2042861243.67576,3457458866.45077,10770305222.6517,11410991255.0883,10417580662.1844,10840252790.956,11857056302.5631,12823270781.2721,12721603111.4291,10279352562.8427,10366488002.5329,11123882553.778
Final consumption expenditure (current US$),NE.CON.TOTL.CD,Mexico,MEX,204816436635.271,548300749805.89,1002479972674.58,1026708015828.53,910884877420.873,836184076274.945,890457895069.614,933273502990.704,968231687410.995,824124212882.035,981193346391.587,1127163998092.15
Final consumption expenditure (current US$),NE.CON.TOTL.CD,"Micronesia, Fed. Sts.",FSM,..,..,..,..,..,..,..,..,..,..,..,..
Final consumption expenditure (current US$),NE.CON.TOTL.CD,Moldova,MDA,..,1327287306.77047,10120069933.6527,10094461535.7219,7899333540.60374,8085009322.28916,9673142152.51487,11193209416.6667,11752956432.4324,11482680796.7667,13735659881.2217,14860835365.0794
Final consumption expenditure (current US$),NE.CON.TOTL.CD,Monaco,MCO,..,..,..,..,..,..,..,..,..,..,..,..
Final consumption expenditure (current US$),NE.CON.TOTL.CD,Mongolia,MNG,1925760000,1027921909.8775,8713850429.2363,8515647270.74477,8920790764.90109,8574020596.8452,8058784637.93132,9310110589.25318,9997043693.62473,10155385064.8614,10381835049.9958,11118011965.8296
Final consumption expenditure (current US$),NE.CON.TOTL.CD,Montenegro,MNE,..,904632311.137257,4487199529.06472,4576341120.25763,3988136318.76133,4217916298.05293,4527410824.44824,5063329470.2847,4942044106.12336,4952508018.6636,5433920448.73463,5733099108.48216
Final consumption expenditure (current US$),NE.CON.TOTL.CD,Morocco,MAR,22468298741.9635,30787092283.0792,85236293635.2665,96321266923.6369,85150895502.7238,86687135127.2375,91634667092.0822,98636468949.7264,99548447999.5987,95230550656.954,111483315463.279,106419716419.621
Final consumption expenditure (current US$),NE.CON.TOTL.CD,Mozambique,MOZ,..,4867121138.48902,16240117091.9973,17014883141.388,14436152539.8483,10975529771.2125,11814474802.5885,12977304135.0498,13451485174.132,12119108614.4101,13824421804.0174,..
Final consumption expenditure (current US$),NE.CON.TOTL.CD,Myanmar,MMR,..,..,39323239923.7285,42317486272.7259,42772938656.1267,45237684662.0741,45980688296.8963,49832809302.85,48369019442.4595,55196921594.4517,44265031835.6049,40418458601.6324
Final consumption expenditure (current US$),NE.CON.TOTL.CD,Namibia,NAM,2141097480.81107,3293618790.28228,11239449604.2338,11225369081.8059,10875035603.192,10927574564.3754,12406586163.0966,13002309442.9538,11885973588.7711,10122302185.2437,12551043511.5969,12777574790.9898
Final consumption expenditure (current US$),NE.CON.TOTL.CD,Nauru,NRU,..,..,..,..,..,..,..,..,..,..,..,..
Final consumption expenditure (current US$),NE.CON.TOTL.CD,Nepal,NPL,3373932657.31465,4660648617.34472,20349568446.5297,20602864459.0211,22503227703.3897,23630734249.7916,25209702573.5266,28213800777.8149,28954530227.7755,31521468736.2329,34571677727.6341,38471573440.425
Final consumption expenditure (current US$),NE.CON.TOTL.CD,Netherlands,NLD,226335444753.721,295931002381.177,625234144967.458,633308280389.399,536083343363.281,543359920740.483,572468195538.83,626107833417.243,619831766062.733,620245610846.684,690587874170.531,685269295167.318
Final consumption expenditure (current US$),NE.CON.TOTL.CD,New Caledonia,NCL,2193024878.14179,3141818061.45253,8941547239.38304,9165511735.05871,7793247731.15677,7875040123.0238,8175990088.67476,..,..,..,..,..
Final consumption expenditure (current US$),NE.CON.TOTL.CD,New Zealand,NZL,35789159146.5965,39463154146.8623,145570640665.277,153410391836.961,135068603009.118,143744104697.099,155698950198.059,161207857880.079,161905954047.599,164476916675.223,198927712547.744,..
Final consumption expenditure (current US$),NE.CON.TOTL.CD,Nicaragua,NIC,..,4786267769.89756,9846350446.85704,10431335540.9657,10785767782.0749,11273170880.0078,11550852801.0215,11117790362.7701,10997639076.1568,10864820720.7305,12744527809.5932,14683581873.4305
Final consumption expenditure (current US$),NE.CON.TOTL.CD,Niger,NER,3308453507.18246,2082391114.47587,8448281112.37506,8987976748.86304,8118361014.13064,8797474859.30515,9726033625.04355,10948860645.9705,10883725493.7157,11957454280.7862,13331456472.7347,12221892483.3772
Final consumption expenditure (current US$),NE.CON.TOTL.CD,Nigeria,NGA,19338605590.9985,29751607044.1171,416328516249.736,449082025037.138,416656581461.172,351719186136.62,317618420391.256,346670813049.628,380402307937.072,313856154323.101,296526418168.426,..
Final consumption expenditure (current US$),NE.CON.TOTL.CD,North Macedonia,MKD,3848683745.58304,3485637666.17639,9655516780.51011,9875739344.14589,8637239177.61243,8788584957.66998,9223502653.64098,10163718865.6122,10022039339.5842,10234672914.219,11573012817.2898,11663353836.275
Final consumption expenditure (current US$),NE.CON.TOTL.CD,Northern Mariana Islands,MNP,..,..,..,..,..,..,..,..,..,..,..,..
Final consumption expenditure (current US$),NE.CON.TOTL.CD,Norway,NOR,82853898390.3755,105049151645.347,320461446808.511,313445173234.594,257593014363.956,257867261904.762,273553939149.708,289531509375.961,277955340909.091,255803593238.34,301401979045.402,295514639854.381
Final consumption expenditure (current US$),NE.CON.TOTL.CD,Oman,OMN,7948244473.342,11089279323.7971,43282704811.4434,47069700910.2731,47778933680.104,48186215864.7594,51488686605.9818,51574512353.7061,53388556566.9701,53245194278.2835,58607387516.2549,..
Final consumption expenditure (current US$),NE.CON.TOTL.CD,Pakistan,PAK,34617725424.2042,68522116453.2496,212309330624.875,224276364202.216,245499412503.604,286320347101.781,314429705511.403,332602930240.819,303658039365.701,280307971578.17,328372720651.381,362386450099.869
Final consumption expenditure (current US$),NE.CON.TOTL.CD,Palau,PLW,..,..,..,..,..,..,..,..,..,..,..,..
Final consumption expenditure (current US$),NE.CON.TOTL.CD,Panama,PAN,5378381000,9225867800,28866000000,31983200000,33434500000,36460500000,38621340800,..,..,..,..,..
Final consumption expenditure (current US$),NE.CON.TOTL.CD,Papua New Guinea,PNG,2700587726.99767,2154112738.71528,..,..,..,..,..,..,..,..,..,..
Final consumption expenditure (current US$),NE.CON.TOTL.CD,Paraguay,PRY,4013402621.88974,6610220033.96102,28573214374.3282,30483803563.4547,27363871763.3145,26585972170.4362,28913065741.1201,30402672353.3041,29339902064.9835,26991348465.3961,29871272000.4316,32542102434.8123
Final consumption expenditure (current US$),NE.CON.TOTL.CD,Peru,PER,21632982368.3292,42623857417.118,150069634765.062,154551313294.828,148583459791.119,150000818331.438,163239956680.285,171257085724.681,178166523373.313,161626753655.588,168018787504.667,188336073166.769
Final consumption expenditure (current US$),NE.CON.TOTL.CD,Philippines,PHL,39144362157.9153,69262324269.5269,235150233791.731,243446240782.075,255528449017.338,267046249787.848,274297886933.401,293378318650.001,322840413972.206,326771628024.008,357988182646.346,367689690682.012
Final consumption expenditure (current US$),NE.CON.TOTL.CD,Poland,POL,..,141061992717.567,410117118494.808,423806416674.371,367063801565.194,360889219544.569,404753660257.541,450442310443.325,451821455314.993,453077191010.515,510471398053.643,515469845643.644
Final consumption expenditure (current US$),NE.CON.TOTL.CD,Portugal,PRT,62133986781.0435,97573073981.1594,190814239535.042,194344760294.795,166305302133.602,171375111090.359,180990793102.076,196871777367.745,194522148803.612,190158957801.747,208874461544.768,206377207129.118
Final consumption expenditure (current US$),NE.CON.TOTL.CD,Puerto Rico,PRI,24258300000,43362000000,73067000000,72932000000,70740800000,69583100000,71511300000,73209700000,77140000000,73182600000,80117600000,90210000000
Final consumption expenditure (current US$),NE.CON.TOTL.CD,Qatar,QAT,..,6197252747.25275,57868760549.4505,64441198104.3956,68767740989.011,68660097335.1648,69440779615.3846,72042611126.3736,73958204352.1676,69219448682.0797,69242767526.6854,..
Final consumption expenditure (current US$),NE.CON.TOTL.CD,Romania,ROU,30291435258.2797,31916758491.6431,143545992237.386,150675225988.49,133947466089.706,143262610295.174,165075749693.09,194743442834.37,200347151023.201,200516604847.245,228652194291.437,237245927513.744
Final consumption expenditure (current US$),NE.CON.TOTL.CD,Russian Federation,RUS,359983364388.721,159146818343.406,1646931665492.11,1478336384670.17,960507992930.566,915631129832.906,1119066940114.52,1128248062279.39,1180107559754.96,1067052185189.89,1222509751637.04,1477942413861.54
Final consumption expenditure (current US$),NE.CON.TOTL.CD,Rwanda,RWA,2392200773.21131,2160580380.28168,7138122811.01289,7657259072.28337,8073944362.60977,8043374734.82947,8214988093.32622,8884184795.64363,9401878261.4599,9299956695.74832,9892992705.81054,12103394685.961
Final consumption expenditure (current US$),NE.CON.TOTL.CD,Samoa,WSM,..,..,..,711602866.968744,695548781.495551,676732850.956692,720535537.401117,711546042.265767,737314460.843003,754379141.622668,826450986.635786,872829036.241579
Final consumption expenditure (current US$),NE.CON.TOTL.CD,San Marino,SMR,..,..,..,..,856926763.01898,855170746.955767,873967880.079826,921763756.023997,892876808.032726,892304083.736177,957501164.938885,..
Final consumption expenditure (current US$),NE.CON.TOTL.CD,Sao Tome and Principe,STP,..,..,..,..,..,..,..,..,..,..,..,..
Final consumption expenditure (current US$),NE.CON.TOTL.CD,Saudi Arabia,SAU,88639535092.0785,117572979427.524,393406998201.995,444993887812.029,469660220137.432,457472303642.173,471086243758.427,520103027288.312,534369018108.021,530276194643.483,576840951900.6,620816890864.957
Final consumption expenditure (current US$),NE.CON.TOTL.CD,Senegal,SEN,7157075259.86215,5458682951.16147,17378864731.1624,17620574872.675,15450296452.4709,16303225542.2901,17643315103.5815,19243201281.4039,19262500185.3748,20363465942.781,22423901075.0085,22951114582.5666
Final consumption expenditure (current US$),NE.CON.TOTL.CD,Serbia,SRB,..,6584351683.42413,43961048111.2368,43087267855.4276,35040099879.2176,35299954123.8441,38439932311.824,43536160067.7614,43707404314.5234,44869101452.8341,52222648258.694,53288633827.2389
Final consumption expenditure (current US$),NE.CON.TOTL.CD,Seychelles,SYC,304748009.825929,500334586.630652,908347624.530232,893462792.649795,769044440.313431,837442923.517198,858304212.937208,915311136.057851,920100475.656031,797149550.088401,840222276.846163,1008912443.47723
Final consumption expenditure (current US$),NE.CON.TOTL.CD,Sierra Leone,SLE,560675709.260335,764091104.63171,5729147756.77622,5415217824.29389,4781426615.44523,4210581766.90745,3870070470.68561,4368329911.23378,4368654871.29944,4439739079.52527,4817258245.64906,..
Final consumption expenditure (current US$),NE.CON.TOTL.CD,Singapore,SGP,19552222734.9639,50305072226.9809,144799808199.473,148664141115.189,145834197079.628,149038791183.266,155786375074.678,167581789313.052,171712545586.717,154772306410.016,170611792727.86,186093423597.678
Final consumption expenditure (current US$),NE.CON.TOTL.CD,Sint Maarten (Dutch part),SXM,..,..,824636871.50838,1005027932.96089,950837988.826816,982681564.24581,999441340.782123,1145251396.64804,..,..,..,..
Final consumption expenditure (current US$),NE.CON.TOTL.CD,Slovak Republic,SVK,10377262569.8324,22025342275.8432,72690026603.2561,74424222751.7033,64328677554.7152,66413616715.3269,71595404014.0408,79370178810.2464,80284847417.1279,83770279980.0393,92422708101.2621,94806763942.7727
Final consumption expenditure (current US$),NE.CON.TOTL.CD,Slovenia,SVN,12503686440.678,15171585234.6104,36668469145.4298,36934040883.9358,31397275376.1547,32695185009.5228,34494988694.431,38059129978.844,38455089036.8149,37986349516.594,44314708141.1698,45863808540.1831
Final consumption expenditure (current US$),NE.CON.TOTL.CD,Solomon Islands,SLB,322684822.081766,450782310.691653,1188036085.49368,1260686727.76231,1216548120.53199,1267200075.14126,1270014482.76908,1391335207.32954,1414221865.20874,1352324560.10089,..,..
Final consumption expenditure (current US$),NE.CON.TOTL.CD,Somalia,SOM,1031258889.59796,..,6585000016.91953,7235999988.07768,7610000000,7954000000,8454000000,8992000009.55574,9859000000,10584000000,11397000017.1243,12801696680
Final consumption expenditure (current US$),NE.CON.TOTL.CD,South Africa,ZAF,103140281855.265,124727199150.219,332525759538.662,316434602633.617,286611792560.408,267244841333.08,313722760337.718,336720851749.365,324837508455.978,281295179300.522,340749730856.031,335576267388.889
Final consumption expenditure (current US$),NE.CON.TOTL.CD,South Sudan,SSD,..,..,22095619118.6441,11149772779.661,10377844986.4047,..,..,..,..,..,..,..
Final consumption expenditure (current US$),NE.CON.TOTL.CD,Spain,ESP,416317249428.665,456642356748.236,1069040725187.85,1083849393877.63,932692040271.875,953185263754.114,1011135822855.3,1092110121076.84,1062899626501.94,997875061799.208,1108696035705.41,1083919812007.79
Final consumption expenditure (current US$),NE.CON.TOTL.CD,Sri Lanka,LKA,6610289565.65152,13390088300.2207,..,..,62029787644.1998,61934612853.5989,63199405418.2074,65068597694.2711,63796808687.4357,61797354040.8696,62521535599.3564,51457483055.0306
Final consumption expenditure (current US$),NE.CON.TOTL.CD,St. Kitts and Nevis,KNA,..,..,..,..,..,..,..,..,..,..,..,..
Final consumption expenditure (current US$),NE.CON.TOTL.CD,St. Lucia,LCA,..,..,..,..,..,..,..,..,..,..,..,..
Final consumption expenditure (current US$),NE.CON.TOTL.CD,St. Martin (French part),MAF,..,..,..,..,..,..,..,..,..,..,..,..
Final consumption expenditure (current US$),NE.CON.TOTL.CD,St. Vincent and the Grenadines,VCT,..,..,..,..,..,..,..,..,..,..,..,..
Final consumption expenditure (current US$),NE.CON.TOTL.CD,Sudan,SDN,30377777777.7778,9666847358.74923,57759876134.2285,70859203049.2835,77750280548.7883,93310466812.7762,115377177048.67,31276115869.7789,30590416996.6942,25390345554.5213,32915934387.6246,50307873137.0823
Final consumption expenditure (current US$),NE.CON.TOTL.CD,Suriname,SUR,..,..,..,..,..,..,..,..,..,..,..,..
Final consumption expenditure (current US$),NE.CON.TOTL.CD,Sweden,SWE,190572799508.008,189373582327.401,429796619215.67,424234836101.117,362470503049.406,372417671511.399,388130075420.38,398576323585.551,377408037819.144,385233002394.529,444441129672.104,406864323128.733
Final consumption expenditure (current US$),NE.CON.TOTL.CD,Switzerland,CHE,172413411238.22,189379706514.965,454831876541.635,464880209723.926,447051728333.255,442788293244.127,451049864678.453,462456718279.973,459937961812.281,471710918596.497,496863762396.101,501494458975.789
Final consumption expenditure (current US$),NE.CON.TOTL.CD,Syrian Arab Republic,SYR,19856659242.7617,61085434298.441,24499850739.2971,28381984442.5203,18039559307.1429,14598324602.2593,18563381971.9224,24031770483.5405,24542464791.3459,12494346353.2901,..,..
Final consumption expenditure (current US$),NE.CON.TOTL.CD,Tajikistan,TJK,..,718665623.118603,10975784841.2127,10680787432.406,6848207211.17832,6395058498.47014,6920372837.7758,6804931220.43881,7254600207.75696,7252666447.60794,8156028243.36692,..
Final consumption expenditure (current US$),NE.CON.TOTL.CD,Tanzania,TZA,4282653991.09913,11356992982.8331,35160587192.0092,37682436112.3686,34960276004.0872,34340256178.1302,36434735980.1552,38757240313.631,40547155571.6536,41134239650.0607,43836560331.134,47925386627.9797
Final consumption expenditure (current US$),NE.CON.TOTL.CD,Thailand,THA,56295054449.3439,85579797334.7995,289676028635.931,283151853201.217,274750900668.317,276437245931.241,297678204016.1,329706857658.21,358715453897.481,354545787081.377,356720757650.199,357762291619.347
Final consumption expenditure (current US$),NE.CON.TOTL.CD,Timor-Leste,TLS,..,810527800,1768053900,1888234000,1865440700,1882905700,1884030500,1922388600,2055088600,2030840600,2098338900,..
Final consumption expenditure (current US$),NE.CON.TOTL.CD,Togo,TGO,1991316714.33773,1920314617.13611,5589443289.84934,5881175896.53466,5325022021.79464,5528271951.40835,5709803601.44483,6292425880.39726,6269796715.13552,6460757058.29516,7401787990.45692,7017756937.01524
Final consumption expenditure (current US$),NE.CON.TOTL.CD,Tonga,TON,128022843.031332,223124153.755371,525521606.394451,521712477.594379,530999123.279054,490236834.635121,531914726.900153,569735241.462287,579199982.464962,559256623.257014,655716607.495265,..
Final consumption expenditure (current US$),NE.CON.TOTL.CD,Trinidad and Tobago,TTO,..,..,..,..,..,..,..,..,..,..,..,..
Final consumption expenditure (current US$),NE.CON.TOTL.CD,Tunisia,TUN,9829886363.63636,16594715531.1828,41626254279.1049,41825583459.7317,40610922067.1637,39936065548.3311,38399619744.3607,38390864670.176,37978439903.2182,40671026392.4406,44276820860.2714,43644609069.5353
Final consumption expenditure (current US$),NE.CON.TOTL.CD,Turkiye,TUR,119850075230.723,216346861777.123,721431627745.971,698452237845.229,638095224479.427,644796547186.423,626968083869.808,551718622885.533,550206331290.565,518184671963.98,559824960060.886,631072697530.278
Final consumption expenditure (current US$),NE.CON.TOTL.CD,Turkmenistan,TKM,2338995736.96588,1597417225.26253,..,..,..,..,..,..,..,..,..,..
Final consumption expenditure (current US$),NE.CON.TOTL.CD,Turks and Caicos Islands,TCA,..,..,..,..,..,..,..,..,..,..,..,..
Final consumption expenditure (current US$),NE.CON.TOTL.CD,Tuvalu,TUV,..,..,..,..,..,..,..,..,..,..,..,..
Final consumption expenditure (current US$),NE.CON.TOTL.CD,Uganda,UGA,4324933448.40263,5695457998.02873,23032794137.1019,24933735238.8944,27757538863.8897,23110587752.5559,24257620874.0095,26650690739.3344,28260683170.0076,30371425311.8447,33236957047.9404,36793919216.9534
Final consumption expenditure (current US$),NE.CON.TOTL.CD,Ukraine,UKR,59948549018.4623,24390681772.2279,174841986738.396,120299484478.793,78903769620.0184,79539017051.7299,98438348504.6361,117986540856.362,143353589357.761,144998032624.117,173504293087.247,167216330701.709
Final consumption expenditure (current US$),NE.CON.TOTL.CD,United Arab Emirates,ARE,..,..,175245647270.252,190289734377.127,171335879972.771,173959205663.717,194803479128.659,211618507365.555,215044234526.889,190884966126.617,..,..
Final consumption expenditure (current US$),NE.CON.TOTL.CD,United Kingdom,GBR,931176825054.756,1381159652358.98,2370557219044.81,2589212258883.71,2461981713831.11,2268162072305.43,2230100387018.53,2401191424105.81,2381302756451.69,2228202491287.77,2590904724209.37,2577751235083
Final consumption expenditure (current US$),NE.CON.TOTL.CD,United States,USA,4757180000000,8204767000000,13896173000000,14413979000000,14872459000000,15356374000000,15960169000000,16771912000000,17401500000000,17254541000000,19256306000000,..
Final consumption expenditure (current US$),NE.CON.TOTL.CD,Uruguay,URY,7658810828.99082,20280877616.3933,49393445145.2991,49688604546.3687,46529076065.3849,44209699041.1967,50872928174.3873,52141612998.6431,49390905307.3467,42507518319.8967,45574290591.7361,53916904954.3816
Final consumption expenditure (current US$),NE.CON.TOTL.CD,Uzbekistan,UZB,..,10338082759.2037,56665192624.5588,61897783153.7972,67681194324.7961,69282997708.5853,47655028554.2369,39844298856.1358,45630858499.2001,45189744417.7305,53157377151.7221,63302071897.1151
Final consumption expenditure (current US$),NE.CON.TOTL.CD,Vanuatu,VUT,146728173.586195,250538832.247597,621730967.554275,637436258.43449,620786469.603246,640147499.42383,698473547.938326,694040757.046249,712657703.789249,769942797.711908,857878988.602362,871622674.167027
Final consumption expenditure (current US$),NE.CON.TOTL.CD,"Venezuela, RB",VEN,33167283454.7716,75206145399.2842,287450706710.279,433607050221.19,..,..,..,..,..,..,..,..
Final consumption expenditure (current US$),NE.CON.TOTL.CD,Vietnam,VNM,..,22717218237.3723,144894817616.172,157193542178.929,167451023254.104,177744300062.902,191694260013.297,207221767494.541,222041632535.306,226845749101.564,238156402286.959,..
Final consumption expenditure (current US$),NE.CON.TOTL.CD,Virgin Islands (U.S.),VIR,..,..,3558000000,3541000000,3599000000,3630000000,3790000000,4352000000,4387000000,4261000000,..,..
Final consumption expenditure (current US$),NE.CON.TOTL.CD,West Bank and Gaza,PSE,..,4965700000,15261500000,15999200000,15842800000,17159300000,17648500000,18047500000,18967700000,17418400000,20338100000,23483600000
Final consumption expenditure (current US$),NE.CON.TOTL.CD,"Yemen, Rep.",YEM,..,..,..,..,..,..,..,..,..,..,..,..
Final consumption expenditure (current US$),NE.CON.TOTL.CD,Zambia,ZMB,..,..,18052005558.1288,18119090170.593,13904069902.1926,14143422430.8492,15705805095.876,15175620717.1315,13969635376.2607,9633635384.24524,11045590237.3251,..
Final consumption expenditure (current US$),NE.CON.TOTL.CD,Zimbabwe,ZWE,7251226400,5631504500,20135584700,20113936900,21638589200,20850865000,17762807004.9465,30082623080.3199,18461621748.436,19287843690.6699,25531363270.1742,..
Final consumption expenditure (current US$),NE.CON.TOTL.CD,Africa Eastern and Southern,AFE,201024556190.309,236231879360.631,802250349452.822,814450021724.602,769348767194.196,735351041570.579,837798544415.225,821344921928.587,810817470774.004,753294261807.949,859369709951.512,928474157044.72
Final consumption expenditure (current US$),NE.CON.TOTL.CD,Africa Western and Central,AFW,78128985805.0872,88106142167.7306,658794781252.567,693465153242.864,637431383417.391,581325851727.996,565404801654.833,618777358446.432,657365226482.78,600020585235.044,614979805102.425,..
Final consumption expenditure (current US$),NE.CON.TOTL.CD,Arab World,ARB,494585476156.197,547353384322.542,1661895326820.07,1815565633763.4,1799979832308.4,1814973225834.08,1825981171672.93,1842844438341.5,1924763300461.17,1901294343438.21,1998599790380.65,..
Final consumption expenditure (current US$),NE.CON.TOTL.CD,Caribbean small states,CSS,..,..,..,..,..,..,..,..,..,..,..,..
Final consumption expenditure (current US$),NE.CON.TOTL.CD,Central Europe and the Baltics,CEB,..,340142966250.214,1079449318969.63,1101608936964.81,957614308244.167,979288158967.984,1089722949219.02,1227827238069.53,1242517064020.92,1246636988206.52,1416409218921.26,1451617431046.23
Final consumption expenditure (current US$),NE.CON.TOTL.CD,Early-demographic dividend,EAR,1449092390626.37,2597591999669.8,7531127817142.11,7920682624617.01,7668350526685.2,7891616886720.11,8440783678502.01,8472157572615.52,8719482384556.05,8289669886460.21,9417361876347.4,10266822147830.3
Final consumption expenditure (current US$),NE.CON.TOTL.CD,East Asia & Pacific,EAS,3123414158422.9,5780970032201.72,13548495277331.5,13878813952632.4,13765295083136,14381072291405.7,15203812828647.9,16533636976701.1,17050300467746,17031149416065.3,18931834451444.4,..
Final consumption expenditure (current US$),NE.CON.TOTL.CD,East Asia & Pacific (excluding high income),EAP,454212164552.419,1131781441929.1,6537258988474.15,7108847522097.84,7561760205424.39,7850785114024.12,8529509665898.51,9550264594495.16,10046877473721.7,10153052247386.8,11735555241642.9,..
Final consumption expenditure (current US$),NE.CON.TOTL.CD,East Asia & Pacific (IDA & IBRD countries),TEA,453647033085.584,1130373277735.51,6529125320885.39,7100002683185.1,7552351851861.34,7841017155229.64,8518897236982.99,9538382140743.02,10034377133469,10140419804319,11720953845939.7,..
Final consumption expenditure (current US$),NE.CON.TOTL.CD,Euro area,EMU,4469828380815.74,4912680471590.46,10141927161979.4,10291452153067.2,8775160763928.46,8968473015834.82,9427712946924.46,10150126371432,9893944204786.12,9697852976658.57,10647048956766.6,10394840352437.9
Final consumption expenditure (current US$),NE.CON.TOTL.CD,Europe & Central Asia,ECS,6812095631317.93,7675384866984.21,17912545383758.6,18057845127916.9,15442963280416.8,15389911714002,16177968962957.7,17217977270568.8,17003341224154.8,16507098084056.1,18398382198836.5,18452834583808.5
Final consumption expenditure (current US$),NE.CON.TOTL.CD,Europe & Central Asia (excluding high income),ECA,666957234033.671,485749315120.124,3060885139668.04,2815741502740.55,2130724539025.8,2051140468901.54,2271475550123.31,2245296502521.96,2342204360150.22,2196099312793.55,2483672122409.73,2867793010284.02
Final consumption expenditure (current US$),NE.CON.TOTL.CD,Europe & Central Asia (IDA & IBRD countries),TEC,853058903415.929,678114045646.974,3663124293120.43,3438649221323.09,2672766284125.29,2597146315245.32,2885872926890.75,2940049782709.29,3043692460654.98,2899562249720.82,3280015550301.27,3672847963998.23
Final consumption expenditure (current US$),NE.CON.TOTL.CD,European Union,EUU,4968343039086.47,5500532363536.91,11716485773324.8,11882002224632.3,10148644849761,10371401469699.5,10954328194559.3,11823630470175.1,11550930884124.4,11367727410494.6,12543001847730.1,12256614211917.2
Final consumption expenditure (current US$),NE.CON.TOTL.CD,Fragile and conflict affected situations,FCS,384448381975.822,351624440689.425,1558709165277.84,1724612281065.59,1406778521479.99,1347440399166.06,1383340827713.78,1410582874374.21,1500817931073.59,1377960338440.89,1359979449371.93,..
Final consumption expenditure (current US$),NE.CON.TOTL.CD,Heavily indebted poor countries (HIPC),HPC,150455835068.255,161610415806.562,563040032762.775,596694941010.626,589575015705.041,615048383420.586,672370623658.925,631939268047.243,655969647774.88,660037634579.16,739298060458.815,809096936423.533
Final consumption expenditure (current US$),NE.CON.TOTL.CD,High income,HIC,14333427527429.8,21079663286941.4,38579806615026.4,39290088688165.2,37087676354728.9,37931933188588,39437072380847.3,41794570891143.2,42177253540647.6,41426581910810.4,45769560979898.2,..
Final consumption expenditure (current US$),NE.CON.TOTL.CD,IBRD only,IBD,2717957265668.45,4294084029103.65,17616296762782.1,18303993874101.5,17088656063672.2,17334236476792.9,19042812137400.7,20003017478714,20672997474364.5,19789835860836.4,22707913035271,..
Final consumption expenditure (current US$),NE.CON.TOTL.CD,IDA & IBRD total,IBT,3012752211570.23,4730910834105.38,19306187080762.9,20100175563137.5,18874036090514.1,19161008925831.9,20938319330830.9,21962203849578,22685482771985.4,21723589534148.5,24816739787261.3,..
Final consumption expenditure (current US$),NE.CON.TOTL.CD,IDA blend,IDB,92120652179.7443,142722743331.985,824342750890.107,884756035985.364,878112691160.884,860049479905.808,838456234727.137,904921227811.743,911628326482.1,819944120058.041,878496103075.755,..
Final consumption expenditure (current US$),NE.CON.TOTL.CD,IDA only,IDX,216969323491.049,312628650049.59,874023717952.395,922530815336.993,921654984951.019,983378470738.545,1073838202455.22,1068524594927.19,1116084199701.25,1132508407021.05,1246470172690.43,1347374901796.59
Final consumption expenditure (current US$),NE.CON.TOTL.CD,IDA total,IDA,298944762487.932,441489187543.054,1697928624902.8,1807709580848.35,1799850025597.98,1841950796756.93,1907884735968.96,1971018890390.94,2024258526263.21,1945325361842.44,2116077312469.14,2293198861641.65
Final consumption expenditure (current US$),NE.CON.TOTL.CD,Late-demographic dividend,LTE,1510557681335.99,2404112684228.18,11746802578305.7,12233792574067.4,11398991772814.7,11568663044453.2,12830825072760.6,13897597313741.3,14339904898078.7,13838450479850.5,15928600807800,..
Final consumption expenditure (current US$),NE.CON.TOTL.CD,Latin America & Caribbean,LCN,930433654300.812,1837371351411.61,5028950037067.8,5222677763770.08,4367712462453.64,4275823968527.33,4759093163604.69,4638011936787.58,4564320664513.29,3843978930357.06,4361561154249.15,5042334695603.23
Final consumption expenditure (current US$),NE.CON.TOTL.CD,Latin America & Caribbean (excluding high income),LAC,823304636450.035,1604963995880.84,4331431416806.12,4384078006433.98,3774938605305.29,3680217302124.24,4104166542049.29,3971463324888.72,3914635210443.92,3277434853024.96,3696445335296.71,4320949505497.13
Final consumption expenditure (current US$),NE.CON.TOTL.CD,Latin America & the Caribbean (IDA & IBRD countries),TLA,874016399229.098,1750938680270.19,4862416598899.97,5051741183912.11,4191417883131.03,4096671115605.57,4572871669913.59,4446703362705.63,4364852637286.75,3644137795348.01,4137961499048.85,4787071940577.16
Final consumption expenditure (current US$),NE.CON.TOTL.CD,Least developed countries: UN classification,LDC,..,190625944239.634,718795446625.916,771853744459.637,766947361531.598,797749382103.286,884015326779.897,862245021691.265,892661393030.461,915937642975.18,1001024233113.65,1120028341485.18
Final consumption expenditure (current US$),NE.CON.TOTL.CD,Low & middle income,LMY,2838635274807.27,4403994911145.5,18202406384807,18840262502747.3,17973010008638.2,18249490981720.6,19915042579349.4,20832829270179.9,21561706681593.3,20646045999347.1,23570575926289.2,..
Final consumption expenditure (current US$),NE.CON.TOTL.CD,Low income,LIC,..,173674766968.707,371906159584.586,396235690548.881,395518001696.204,402347257678.783,448188960351.33,376698891179.591,399737337431.671,390865054814.845,427898456708.805,507812521622.477
Final consumption expenditure (current US$),NE.CON.TOTL.CD,Lower middle income,LMC,733053126934.466,1032653755661.75,4144173334281.67,4369054449424.41,4382135784044.24,4578822832832.67,4851717427117.13,4987320079890.24,5239442297889.51,5078775298247.41,5751046240351.23,6060579054196.39
Final consumption expenditure (current US$),NE.CON.TOTL.CD,Middle East & North Africa,MEA,548705337811.146,706215298449.467,2121491940131.89,2254615136526.94,2225094150728.3,2263912485800.59,2289897303409.75,2299793137679.53,2369360996238.67,2307661480727,2524391004788.12,2697142978643.04
Final consumption expenditure (current US$),NE.CON.TOTL.CD,Middle East & North Africa (excluding high income),MNA,335958648948.426,369010448126.621,1131298237030.46,1170883158940.42,1141727728918.23,1172345219186.26,1126203189741.13,1043916510736.84,1072066731403.6,1050504998996.3,1133959097787.81,1212089034686.46
Final consumption expenditure (current US$),NE.CON.TOTL.CD,Middle East & North Africa (IDA & IBRD countries),TMN,331506840326.832,364022401239.099,1115967316969.75,1154807517739.07,1125804935665.7,1155083679002.08,1108430218938.52,1025715568054.04,1052931677216.58,1032997862183.44,1113399913683.1,1187855609702.9
Final consumption expenditure (current US$),NE.CON.TOTL.CD,Middle income,MIC,2737093001085.93,4259041889704.79,17853346423128.5,18469922205323.8,17605685106733.5,17875920997939.1,19500094519713.8,20472342816545.9,21180734596665.1,20275036669195,23160492030778,..
Final consumption expenditure (current US$),NE.CON.TOTL.CD,North America,NAC,5226392183489.51,8755774881076.21,15315889113306.8,15791450167451,16101295643757.1,16575829572943.4,17262147399774.5,18131822481100,18773381470840.3,18576771203676.8,20786919395205.4,..
Final consumption expenditure (current US$),NE.CON.TOTL.CD,Not classified,INX,..,..,..,..,..,..,..,..,..,..,..,..
Final consumption expenditure (current US$),NE.CON.TOTL.CD,OECD members,OED,14214284666990.8,21106508430605.5,38687404849635.9,39281224835699.8,36871626594655.2,37614951976312.4,39041415807370.9,41212922090407.5,41577280627262.2,40688094180535.7,45064330821037.7,..
Final consumption expenditure (current US$),NE.CON.TOTL.CD,Other small states,OSS,..,58816757855.477,216757322455.509,227682114169.515,219144105894.241,223994684308.463,239326609873.114,255775579679.339,257060252015.858,245315931813.647,264327567693.399,..
Final consumption expenditure (current US$),NE.CON.TOTL.CD,Pacific island small states,PSS,2446973001.9804,2948588333.84018,7835172248.7492,8216261479.08333,7930574876.14419,8356974984.26107,8919378103.61073,9353246433.30982,9429148851.74551,8808051503.59522,..,..
Final consumption expenditure (current US$),NE.CON.TOTL.CD,Post-demographic dividend,PST,13845306416679.3,20117604429095.7,36284655332076.8,36822931465475,34707932513811.3,35511596249224.7,36823726174059.1,38972320693728.3,39351871123070.5,38674863428449.8,42700446327947,..
Final consumption expenditure (current US$),NE.CON.TOTL.CD,Pre-demographic dividend,PRE,263226050833.106,174077816715.032,1106180582509.8,1179296735732.48,1091834645145.93,1011122858814.32,1039656998349.7,1041997486523.24,1091886944308.51,1004527069627.28,1025999949446.73,..
Final consumption expenditure (current US$),NE.CON.TOTL.CD,Small states,SST,..,86644214698.3702,276243062799.832,288632579356.372,279059293895.125,284451163753.541,303272218797.44,322521573570.446,323945899503.185,306563897731.914,330781967588.657,..
Final consumption expenditure (current US$),NE.CON.TOTL.CD,South Asia,SAS,326730874630.688,489777493156.833,1680346130707.62,1854050738149.59,1961557131834.06,2183043010387.44,2483434410106.81,2582344936722.93,2718809447697.66,2618337687332.64,3042422544273.44,3231342144283.24
Final consumption expenditure (current US$),NE.CON.TOTL.CD,South Asia (IDA & IBRD),TSA,326730874630.688,489777493156.833,1680346130707.62,1854050738149.59,1961557131834.06,2183043010387.44,2483434410106.81,2582344936722.93,2718809447697.66,2618337687332.64,3042422544273.44,3231342144283.24
Final consumption expenditure (current US$),NE.CON.TOTL.CD,Sub-Saharan Africa,SSF,276422404714.744,320356856329.068,1460933013657.89,1507873381184.91,1406689153839.94,1316508291257.27,1402728105172.55,1439844758981.41,1468044650872.07,1353275074063.99,1474833671510.4,..
Final consumption expenditure (current US$),NE.CON.TOTL.CD,Sub-Saharan Africa (excluding high income),SSA,276116234215.858,319841143437.842,1460026031530.16,1506981613970.78,1405922109845.31,1315671956145.62,1401871202026.28,1438930663255.78,1467125874929.5,1352479943951.56,1473996185254.2,..
Final consumption expenditure (current US$),NE.CON.TOTL.CD,Sub-Saharan Africa (IDA & IBRD countries),TSS,276422404714.744,320356856329.068,1460933013657.89,1507873381184.91,1406689153839.94,1316508291257.27,1402728105172.55,1439844758981.41,1468044650872.07,1353275074063.99,1474833671510.4,..
Final consumption expenditure (current US$),NE.CON.TOTL.CD,Upper middle income,UMC,2012277622517.07,3226385405451.86,13705580225021.9,14098469569031.4,13224767552260,13298583991464.2,14649325513256.3,15485519069710.6,15942176246860.8,15197893953030.8,17410943128439.2,..
Final consumption expenditure (current US$),NE.CON.TOTL.CD,World,WLD,17227414847542.8,25597989535963.6,57078056773616.9,58571591572997.6,55256911551920.1,56381993467629.9,59561068751436.7,62848519062203.4,63962745590353.4,62291919282733.8,69582629204728.4,..
,,,,,,,,,,,,,,,
,,,,,,,,,,,,,,,
,,,,,,,,,,,,,,,
Data from database: World Development Indicators,,,,,,,,,,,,,,,
Last Updated: 07/25/2023,,,,,,,,,,,,,,,
